web-scraper-order,web-scraper-start-url,GameLink,GameLink-href,GameHeading,GameLogo-src,GameDescription,GameImage1-src,GameFeature1,GameFeature1Text,GameFeature2,GameFeature2Text,GameFeature3,GameFeature3Text,GameFeature4,GameFeature4text,GameFeature5,GameFeature5Text
"1764651721-1","https://www.aristocratgaming.com/us/where-to-play","Yo Yeti","https://www.aristocratgaming.com/us/slots/games/yo-yeti","Yo Yeti™ is an avalanche of fun!","/_product-assets/games-assets/yeti/yeti_gt_logo.png","There's nothing mythical about this beast. Catch a sighting of Yo Yeti™ as he brings cool personality to Spooky Link™. Featuring Mo Mummy’s Free Games and Jackpot, this levels up the ante with its signature Cash Collect feature. Yo Yeti™ pops up at random to lob snowballs into the reels for your chance at credit prizes, jackpots, and more spin!","/_product-assets/games-assets/yeti/yeti_gt_in-cabinet-image.png","FREE GAMES & JACKPOT FEATURE","Brings back the Free Games & Jackpot features from original Mo Mummy. In Free Games, all Royal symbols are removed from reel strips so only the highest paying symbols remain. In the Jackpot Feature, players pick from 15 symbols until they match 3 jackpots or bonus prizes to win","YO YETI FEATURE","In the Yo Yeti feature, the Yeti character randomly appears and throws snowballs into the reels that turn into credit prizes, jackpots, and +1 spin prizes","","","","","",""
"1764651726-2","https://www.aristocratgaming.com/us/where-to-play","Winner's World","https://www.aristocratgaming.com/us/slots/games/winners-world","Where the Buffalos roam and the winners play","/_product-assets/games-assets/winners-world/winners-world_gt_logo.png","Winners World 2.5 offers an 89 multi-game suite of Aristocrat’s best performing Slot titles with additional Keno, Blackjack, Roulette, and player-favorite Poker games. Featuring all the favorite poker game options along with Slot games such as Wild Lepre' Coins, Buffalo Gold, Storming Jackpots, Sky Rider and may more. Keno games include Buffalo, Miss Kitty, Cash Express 4-card and much more.","/_product-assets/games-assets/winners-world/winners-world_gt_in-cabinet-image.png","Variety of Games","Games included in Winner's World are Slots, Keno, Poker, Blackjack and Roulette","Unique Advantage","More Variety, More Unique Players, More Games available as a bartop or stand-alone cabinet on casino floors","","","","","",""
"1764651730-3","https://www.aristocratgaming.com/us/where-to-play","Wild Pyramid Respins","https://www.aristocratgaming.com/us/slots/game-groups/wild-pyramid-respins","Wild Pyramid Respins™","","","","","","","","","","","","",""
"1764651735-4","https://www.aristocratgaming.com/us/where-to-play","Whisker Wheels","https://www.aristocratgaming.com/us/slots/game-groups/whisker-wheels","Whisker Wheels™","","","","","","","","","","","","",""
"1764651740-5","https://www.aristocratgaming.com/us/where-to-play","Valley of Riches","https://www.aristocratgaming.com/us/slots/games/valley-of-riches","Play your way to adventure","/_product-assets/games-assets/valley-of-riches/valley-of-riches_gt_logo.png","Mo’ Mummy Valley of Riches™ features Cash Collect, a feature you’ll find different than the way you’ve played before. Eye catching graphics and memorable characters create a feast for the senses. With this many ways to achieve bonuses, an enticing expedition of this ancient valley awaits.","/_product-assets/games-assets/valley-of-riches/valley-of-riches_gt_in-cabinet-image-front.png","Cash Collect Feature","Triggered by landing a mummy on reel 1 and a green gem on any other reel. Feature is played on 5x5 reel set with initial Mummy Zone starting as 2x2. All coin prizes landed inside the zone are awarded. A mummy collects more green gems to grow the zone up to 5x5 and win additional bonus spins","Free Games","Triggered by landing Free Game symbols. Retriggers available","Match-3 Jackpot","Wild blue gems may trigger metamorphic that awards Match-3 Jackpot feature to win jackpot","","","",""
"1764651744-6","https://www.aristocratgaming.com/us/where-to-play","Ultimate Fast Cash","https://www.aristocratgaming.com/us/slots/game-groups/ultimate-fast-cash","Ultimate Fast Cash","","","","","","","","","","","","",""
"1764651748-7","https://www.aristocratgaming.com/us/where-to-play","Triple Power","https://www.aristocratgaming.com/us/slots/game-groups/triple-power","Triple Power Link™","","","","","","","","","","","","",""
"1764651753-8","https://www.aristocratgaming.com/us/where-to-play","Timber Wolf Triple Power","https://www.aristocratgaming.com/us/slots/games/timber-wolf-triple-power","Free games available in three thrilling ways","/_product-assets/games-assets/timber-wolf-triple-power/timber-wolf-triple-power_gt_logo.png","Timber Wolf Triple Power™ is the newest game that combines the popular mechanics with the beloved Timber Wolf brand. All 3 Free Games bonuses elegantly complement each other, anchored with the popular Timber Wolf Gold™ bonus, the new Timber Wolf Rising™ bonus adds more reel positions and Timber Wolf Bucks™ bonus provides a unique Jackpot chase for maximum excitement.","/_product-assets/games-assets/timber-wolf-triple-power/timber-wolf-triple-power_gt_in-cabinet-image-front.png","Free Games","3 unique Free Games features with triple metamorphic trigger in addition to the classic 3+ scatter symbol trigger. Combine up to 3 features for the ultimate experience: 
•	Timber Wolf Rising™ - Matrix expands to 4-5-6-5-4 during feature
•	Timber Wolf Gold™ - Collect Gold Buffalo during feature to convert other symbols to Buffalo
•	Timber Wolf Bucks™ - Collect cash bags during feature. Green cash bags award credits. Gold cash bags award Credits/Jackpots","","","","","","","",""
"1764651757-9","https://www.aristocratgaming.com/us/where-to-play","Super Tiger and Dragon","https://www.aristocratgaming.com/us/slots/games/super-tiger-and-dragon","Now roaring on a Portrait screen","/_product-assets/games-assets/super-tiger-and-dragon/super-tiger-and-dragon_gt_logo.png","Fortune Harmony Grand Spins™ Super Tiger & Dragon™ is a beast of a game in its own right. Available on the MarsX Portrait, this game adds a wheel mechanic onto the Fortune Harmony formula to give players a chance at triggering bigger bonuses. The eponymous Super Tiger and Dragon metamorphics may be triggered during the Super Hold & Spin feature, where players may get access to the double Hold & Spin feature without having to trigger the Tiger and Dragon at the same time.","/_product-assets/games-assets/super-tiger-and-dragon/super-tiger-and-dragon_gt_in-cabinet-image.png","SUPER HOLD & SPIN","Triggered from the wheel, a Hold & Spin features 2 credit values per symbol position, respectively. The metamorphic may continue to trigger Win-All current values of its respective side","","","","","","","",""
"1764651762-10","https://www.aristocratgaming.com/us/where-to-play","Super Panda and Ox","https://www.aristocratgaming.com/us/slots/games/super-panda-and-ox","A Portrait of perfect harmony","/_product-assets/games-assets/super-ox-and-panda/super-ox-and-panda_gt_logo.png","When you see Super Panda & Ox™ together, you’re in for a great and rewarding time. Part of the Fortune Harmony Grand Spins™ game group and now available on the MarsX Portrait, it adds a wheel mechanic that lets players to trigger bigger bonuses than ever before. That's not all: triggering the Super Hold & Spin feature may grant players access to the double Hold & Spin without having to trigger the two metamorphics at the same time.","/_product-assets/games-assets/super-ox-and-panda/super-ox-and-panda_gt_in-cabinet-image.png","SUPER HOLD & SPIN","Triggered from the wheel, a Hold & Spin features 2 credit values per symbol position, respectively. The metamorphic may continue to trigger Win-All current values of its respective side.","","","","","","","",""
"1764651767-11","https://www.aristocratgaming.com/us/where-to-play","Sun of Ra","https://www.aristocratgaming.com/us/slots/games/sun-of-ra","Tap the power of the sun of Ra","/_product-assets/games-assets/sun-of-ra/sun-of-ra_gt_logo.png","Wild Pyramid Respins Sun of Ra ™ utilizes innovative mechanics to give players something original. Any 5 of a kind with Cash-on-Reel symbols pays immediately, Wilds substitute for Cash-on-Reel to provide even easier wins and the expanded Free Games reel matrix sets up thousands of ways to win. Good times beckon where the sun shines.","/_product-assets/games-assets/sun-of-ra/sun-of-ra_gt_in-cabinet-image-front.png","CASH-ON-REEL","Cash-on-Reel symbols may appear on any reel at any time. A 5-of-a-kind win with Cash-on-Reel symbols awards all credits shown","SHORT TERM WILD PERSISTENCE","Any full stack of wilds landed during base game play will remain on reels for 3 additional spins. These wilds expand with any reel growth and contribute to 5-of-a-kind Cash-on-Reel wins","REEL GROWTH","During bonus free games, reels 3, 4, & 5 grow to 5, 6, and 8 spaces high respectively","FREE GAMES","Landing scatter symbols awards free games, reels are expanded and full wild stacks persist for the entirety of the feature","",""
"1764651771-12","https://www.aristocratgaming.com/us/where-to-play","Spring Festival","https://www.aristocratgaming.com/us/slots/games/spring-festival","Battle the Samurai and Take Home the Gold","/_product-assets/games-assets/spring-festival/spring-festival_gt_logo_202011_f.png","An entertaining game from Dragon Link™, Spring Festival™ offers a treasure trove of Asian game themed excitement. The Fortune God entertains you with Big Symbols, a Hold & Spin jackpot feature, and unlimited Free Games in this multi-denomination slot game. There are exciting top progressive prizes as players play for the chance for the Grand Jackpot.","/_product-assets/games-assets/spring-festival/spring-festival_gt_in-cabinet-image-front_202011_f.png","HOLD AND SPIN JACKPOT","Hold & Spin in base or Free Games","UNLIMITED FREE GAMES","With big symbols and Hold & Spin potential","GRAND JACKPOT","Exciting top progressive prize","","","",""
"1764651776-13","https://www.aristocratgaming.com/us/where-to-play","Spooky Link","https://www.aristocratgaming.com/us/slots/game-groups/spooky-link","3 monsters are better than one in Spooky Link™","","","","","","","","","","","","",""
"1764651781-14","https://www.aristocratgaming.com/us/where-to-play","Silk Road","https://www.aristocratgaming.com/us/slots/games/silk-road","Seek Fortune Beyond Your Wildest Dreams","/_product-assets/games-assets/silk-road/silk-road_gt_logo.png","Plot your path to glory on the Dragon Link Silk Road. Uncover bountiful rewards along the way with Hold & Spin and free games. For those who seek true adventure, pick up the trail where others have failed with linked grand jackpots. On this excursion, it's about the journey and the destination. You'll find both rewarding.","/_product-assets/games-assets/silk-road/silk-road_gt_in-cabinet-image-front.png","HOLD & SPIN","Chance to win credit prizes and jackpots","FREE GAMES","Big symbols for wild reel replacements","GRAND JACKPOT","Exciting top progressive prize","","","",""
"1764651785-15","https://www.aristocratgaming.com/us/where-to-play","Sensei Master","https://www.aristocratgaming.com/us/slots/games/sensei-master","Get a kick out of this game","/_product-assets/games-assets/sensei-master/sensei-master_gt_logo.png","Action-packed and feature-filled are some of the words to best describe Phoenix Link™ Sensei Master™. Housed in the Neptune Single cabinet, it boasts player-favorite Link features such as the classic Hold & Spin with scaling Grand and Major Jackpots. It also adds a new Phoenix Free Feature, where you have the chance to trigger a free Hold & Spin by collecting Phoenix symbols on screen towards a mystery hit-by meter. Finally, discover the Free Games feature with 2x Wild Multipliers for chances at amazing line wins.","/_product-assets/games-assets/sensei-master/sensei-master_gt_in-cabinet-image.png","HOLD & SPIN","A player favorite, classic Hold & Spin gameplay with scaling Grand and Major Jackpot","PHOENIX FREE FEATURE","All Phoenix symbols landed increment towards a counter with chances to trigger a free Hold & Spin","FREE GAMES","This game features 2x Wild Multipliers for chances at great line wins","","","",""
"1764651789-16","https://www.aristocratgaming.com/us/where-to-play","Queen Chiu","https://www.aristocratgaming.com/us/slots/games/queen-chiu","The queen reigns red-hot","/_product-assets/games-assets/queen-chiu/queen-chiu_gt_logo.png","Seeing Queen Chiu™ on the floor surely demands attention. Marvel at one of the newest titles on Phoenix Link™ that's housed on the Neptune Single cabinet. Be in awe at its innovative gameplay, like the classic Hold & Spin gameplay with scaling Grand and Major Jackpots or the Phoenix Free Feature when all Phoenix symbols landed increment towards a counter with chances to trigger a free Hold & Spin. Plus Free Games feature with 2x Wild Multipliers for chances at amazing line wins.","/_product-assets/games-assets/queen-chiu/queen-chiu_gt_in-cabinet-image.png","HOLD & SPIN","A player favorite, classic Hold & Spin gameplay with scaling Grand and Major Jackpot","PHOENIX FREE FEATURE","All Phoenix symbols landed increment towards a counter with chances to trigger a free Hold & Spin","FREE GAMES","This game features 2x Wild Multipliers for chances at great line wins","","","",""
"1764651794-17","https://www.aristocratgaming.com/us/where-to-play","Piggy Burst","https://www.aristocratgaming.com/us/slots/games/piggy-burst","TAKE THE BANK","/_product-assets/games-assets/piggy-burst/piggy-burst_gt_logo.png","This piggy bank is ready to burst and shower you with rewards in this fresh Hold & Spin that provides a nice mix of familiar gameplay and new features! Unlock seven different Hold & Spin bonuses when you land metamorphic triggers and collect big prizes and multipliers. Buy into the Hold & Spin bonus at any point in the game with Instant Feature, a brand new Aristocrat feature available for the first time ever!","/_product-assets/games-assets/piggy-burst/piggy-burst_gt_in-cabinet-image-front.png","Hold & Spin Bonus","Trigger one, two, or all three metamorphic triggers to unlock 7 different Hold & Spin bonuses with big prize, multiplier, and award all features","Instant Feature","The Instant feature option allows players to purchase directly into the Hold & Spin bonus","","","","","",""
"1764651799-18","https://www.aristocratgaming.com/us/where-to-play","Phoenix Link","https://www.aristocratgaming.com/us/slots/game-groups/phoenix-link","Phoenix Link™","","","","","","","","","","","","",""
"1764651804-19","https://www.aristocratgaming.com/us/where-to-play","Peacock Princess","https://www.aristocratgaming.com/us/slots/games/peacock-princess","Shake Your Tail Feathers","/_product-assets/games-assets/peacock-princess/peacock-princess_gt_logo_202011_f.png","Peacock Princess™, the entertaining Asian-themed game from Dragon Link™ will invite players to strutting across the casino floor. This proud peacock offers chance for unlimited Free Games with Big Symbols and plenty of Hold & Spin potential. Players can play for a chance at exciting top progressive prizes and a chance at the Grand Jackpot in this multi denomination entertaining game","/_product-assets/games-assets/peacock-princess/peacock-princess_gt_in-cabinet-image-front_202011_f.png","HOLD & SPIN","Hold & Spin in base or Free Games","UNLIMITED FREE GAMES","With big symbols and Hold & Spin potential","GRAND JACKPOT","Exciting top progressive prize","","","",""
"1764651808-20","https://www.aristocratgaming.com/us/where-to-play","Peace and Long Life","https://www.aristocratgaming.com/us/slots/games/peace-and-long-life","There is Serenity in Gaming","/_product-assets/games-assets/peace-and-long-life/peace-and-long-life_gt_logo_202011_f.png","We bring you Peace and Long Life, a Dragon Link game with a premium Hold & Spin experience. Players play for the golden peaches, and enjoy this entertaining game with the chance at Free Games. May the zen be with players as they play this exciting Asian-themed gaming experience.","/_product-assets/games-assets/peace-and-long-life/peace-and-long-life_gt_in-cabinet-image-front_202011_f.png","HOLD AND SPIN","Hold & Spin in base or Free Games","FREE GAMES","With big symbols and Hold & Spin potential","GRAND JACKPOT","Exciting top progressive prize","","","",""
"1764651813-21","https://www.aristocratgaming.com/us/where-to-play","Panda Magic","https://www.aristocratgaming.com/us/slots/games/panda-magic","Power to the Panda","/_product-assets/games-assets/panda-magic/panda-magic_gt_logo_202010_f.png","A fierce Hold & Spin choice, Panda Magic™, part of the Dragon Link™ / Dragon Cash™ family blends the thrill of gaming with a side of zen. With wide bet ranges and dynamic graphics, Panda Magic offers the chance for great retriggers and generous bonuses. Players are invited to play with the Panda for a brilliant, colorful Asian-themed entertaining gaming experience.","/_product-assets/games-assets/panda-magic/panda-magic_gt_in-cabinet-image-front_202010_f.png","HOLD & SPIN","Hold & Spin in base or Free Games","GRAND JACKPOT","Exciting top progressive prize","FREE GAMES","Free Games with royal symbols removed","","","",""
"1764651817-22","https://www.aristocratgaming.com/us/where-to-play","Panda","https://www.aristocratgaming.com/us/slots/games/panda","Take on the Panda of Prosperity","/_product-assets/games-assets/panda/fu-dai-lian-panda_gt_logo_202011_f.png","Follow the trail of the mighty panda as you search for prosperity, longevity and jackpots in Fu Dai Lian Lian's Panda™. With graphically entertaining jackpot triggers and different bonuses to pursue throughout the game, the jungle is wild. There's also a unique letter collection feature for a jackpot journey. Bonus action and wilds await as players collect the pandas and stack up the gold in this fun-filled, Asian inspired gaming experience.","/_product-assets/games-assets/panda/fu-dai-lian-panda_gt_in-cabinet-image-front_202011_f.png","JACKPOT","Awards many Free Games with a unique letter collect feature that can award each jackpot","LONGEVITY","Awards Free Games, all purple coins landed award Free Games & credit prizes with line wins multiplied","MEGA","Triggered by achieving all three jackpot features at once","","","",""
"1764651822-23","https://www.aristocratgaming.com/us/where-to-play","NFL Super Bowl Jackpots","https://www.aristocratgaming.com/us/slots/games/nfl-super-bowl-jackpots","PICK YOUR TEAM. PLAY YOUR TEAM.","/_product-assets/games-assets/nfl-super-bowl-jackpots/super-bowl-jackpots_gt_logo.png","We are changing the game with this first-of-its-kind NFL-licensed slot machine, offering players the ability to customize their experiences by selecting their favorite team that they choose to play. Players have the chance to win a $1 million progressive jackpot, where permitted, and experience additional rich gameplay features, including six licensed fan-favorite stadium anthems during key moments in the game.
It’s time for you to get in the game.","/_product-assets/games-assets/nfl-super-bowl-jackpots/super-bowl-jackpots_gt_in-cabinet-image4.png","FREE GAMES","Players choose their volatility and collect Cash-on-Reel prizes in the free games","WHEEL FEATURE","Each wheel symbol collected in the Cash Blitz feature awards one spin of the Jackpot Wheel","CASH BLITZ","Base game feature with Cash-on-Reel prizes, bonus triggers, and expanding reel arrays","","","",""
"1764651826-24","https://www.aristocratgaming.com/us/where-to-play","Moon Race","https://www.aristocratgaming.com/us/slots/games/moon-race","One Giant Leap for Gaming Kind","/_product-assets/games-assets/moon-race/moon-race_gt_logo_202011_f.png","Moon Race™, part of the Lightning Link™ / Lightning Cash™ family, is a cosmic adventure to another world. Walk with the astronauts in this multi-denomination game with Cash-on-Reels, Hold & Spin jackpot action and scalable bonus prizes. During Free Games, feel the entertainment as royals are removed and only PIC symbols appear. Win a chance for even more Free Games when a full scatter lands on the BIG reel in this race to reach the moon.","/_product-assets/games-assets/moon-race/moon-race_gt_in-cabinet-image-front_202011_f.png","HOLD & SPIN JACKPOT","Hold & Spin in base or Free Games","FREE GAMES","King, Queen, Jack, Ten, and Nine symbols removed, which increases the chance for big 5-of-a-kind wins","LUCKY CHANCE SPIN","Players can wager away those annoying insufficient credits in this exciting cash out option","","","",""
"1764651831-25","https://www.aristocratgaming.com/us/where-to-play","Mo Mummy","https://www.aristocratgaming.com/us/slots/game-groups/mo-mummy","Mo Mummy™","","","","","","","","","","","","",""
"1764651836-26","https://www.aristocratgaming.com/us/where-to-play","Mo Mummy","https://www.aristocratgaming.com/us/slots/games/mo-mummy","Mo ways to win with Mo Mummy™!","/_product-assets/games-assets/mummy/mummy_gt_logo.png","We can't keep this one under wraps anymore! The beloved Mo Mummy™ returns in Spooky Link™. A unique Cash Collect feature offers a new twist: randomly awarded multipliers for a single spin. Add that with the original Free Games and Jackpot features, and you've got a brand new way to play full of your chances at prizes and fun.","/_product-assets/games-assets/mummy/mummy_gt_in-cabinet-image.png","FREE GAMES & JACKPOT FEATURE","Brings back the Free Games & Jackpot features from original Mo Mummy. In Free Games, all Royal symbols are removed from reel strips so only the highest paying symbols remain. In the Jackpot Feature, players pick from 15 symbols until they match 3 jackpots or bonus prizes to win","MO MUMMY FEATURE","The Mo Mummy feature randomly awards 2x and 3x multipliers for a single spin that multiply credit prizes, jackpots, and +1 spin prizes","","","","","",""
"1764651840-27","https://www.aristocratgaming.com/us/where-to-play","Mighty Pyramid","https://www.aristocratgaming.com/us/slots/games/mighty-pyramid","Unleash the power of the pyramid","/_product-assets/games-assets/mighty-pyramid/mighty-pyramid_gt_logo.png","Mo’ Mummy Mighty Pyramid™ unleashes Cash Collect, an exciting new feature that is different than the way you’ve played before. Bonuses that can be triggered so many ways, and the eye-catching graphics, characters and extras make the Might Pyramid one of the most thrilling and attractive new games available.","/_product-assets/games-assets/mighty-pyramid/mighty-pyramid_gt_in-cabinet-image-front.png","Cash Collect Feature","Triggered by landing a mummy on reel 1 and a green gem on any other reel. Feature is played on 5x5 reel set with initial Mummy Zone starting as 2x2. All coin prizes landed inside the zone are awarded. A mummy collects more green gems to grow the zone up to 5x5 and win additional bonus spins","Free Games","Triggered by landing Free Game symbols. Retriggers available","Match-3 Jackpot","Wild blue gems may trigger metamorphic that awards Match-3 Jackpot feature to win jackpot","","","",""
"1764651844-28","https://www.aristocratgaming.com/us/where-to-play","Magic Pearl","https://www.aristocratgaming.com/us/slots/games/magic-pearl","There's Treasure on the Ocean Floor","/_product-assets/games-assets/magic-pearl/magic-pearl_gt_logo_202011_f.png","Swim amongst the mermaids, sea turtles, and mystical treasures in Magic Pearl™, part of the Lightning Link™ / Lightning Cash™ family. This underwater adventure is a multi-denom game with scalable bonus prizes and the fan favorite Hold & Spin Jackpot feature. During Free Games, reels can become a BIG reel with the chance to win even more prizes. Find pearls and trigger Free Spins and loads of fun in this dive into the deep blue sea.","/_product-assets/games-assets/magic-pearl/magic-pearl_gt_in-cabinet-image-front_202011_f.png","HOLD & SPIN JACKPOT","Hold & Spin in base or Free Games","FREE GAMES","Big dolphin symbol triggers 3 additional Free Games","GRAND JACKPOT","Exciting top progressive prize","","","",""
"1764651849-29","https://www.aristocratgaming.com/us/where-to-play","Lucky Looters","https://www.aristocratgaming.com/us/slots/game-groups/lucky-looters","Lucky Looters","","","","","","","","","","","","",""
"1764651853-30","https://www.aristocratgaming.com/us/where-to-play","Lightning Link","https://www.aristocratgaming.com/us/slots/game-groups/lightning-link","Lightning Link","","","","","","","","","","","","",""
"1764651858-31","https://www.aristocratgaming.com/us/where-to-play","Leprechauns","https://www.aristocratgaming.com/us/slots/games/leprechauns","Follow the pig to the pot o' gold","/_product-assets/games-assets/leprechauns/leprechauns_gt_logo.png","No pinching needed here - Lucky Looters™ Leprechaun™ has it all to entertain you! Pig symbols dressed in green trigger rewards when they appear on the reels you spin: Get Cash-on-Reel values on reels 2-4 when a Pig symbol appears on reel 1 & 5; and Loot Spins can be triggered when a Pig lands on reel 1 or 5, which can award free games!","/_product-assets/games-assets/leprechauns/leprechauns_gt_in-cabinet-image.png","LOOT SPINS","Metamorphically triggered by landing at least 1 Pig symbol, the Loot Spins awards free games depending on which pot is triggered. The Pig symbol(s) locks in place for the duration of the free games and Cash-on-Reel values are awarded for each pig on reels 1 and 5","BASE GAME CASH-ON-REELS","Players are awarded Cash-on-Reel values for each Pig symbol that lands","","","","","",""
"1764651862-32","https://www.aristocratgaming.com/us/where-to-play","Kismet Kat","https://www.aristocratgaming.com/us/slots/games/kismet-kat","This kat has a way with whimsy","/_product-assets/games-assets/kismet-kat/kismet-kat_gt_logo.png","Kismet Kat™ knows how to wheel and deal for a fortune of entertaining time. Let Kismet Kat help connect with Bonuses and Respins for bigger wins and better play. What is meant to be begins with one Kool Kat.","/_product-assets/games-assets/kismet-kat/kismet-kat_gt_in-cabinet-image-front.png","WHEEL BOOST","Metamorphically triggered, players pick bonuses to increase the values on wheel wedges before spinning the wheel","EXTRA POINTERS","Match 3 pick bonus to determine if the wheel will spin with active pointers. More pointers equate to more wins per spin","KASH RESPINS","Players Spin the Wheel to determine number of spins they will play during the feature. During feature, Cash-on-Reel qualifier is locked on reel 1, with only Cash-on-Reels symbols paying. All wins multiplied by a random multiplier, varying by spin","","","",""
"1764651867-33","https://www.aristocratgaming.com/us/where-to-play","Karma Kat","https://www.aristocratgaming.com/us/slots/games/karma-kat","The Kat’s out of the bag and a blast!","/_product-assets/games-assets/karma-kat/karma-kat_gt_logo.png","Karma Kat™ offers a magic wheel that brings delight. Play with Karma Kat to find fortune with a spin of the wheel and an enchanting feel. Let your gameplay cast a pleasurable spell on time well spent.","/_product-assets/games-assets/kismet-kat/kismet-kat_gt_in-cabinet-image-front.png","WHEEL BOOST","Metamorphically triggered, players pick bonuses to increase the values on wheel wedges before spinning the wheel","EXTRA POINTERS","Match 3 pick bonus to determine if the wheel will spin with active pointers. More pointers equate to more wins per spin","KASH RESPINS","Players Spin the Wheel to determine number of spins they will play during the feature. During feature, Cash-on-Reel qualifier is locked on reel 1, with only Cash-on-Reels symbols paying. All wins multiplied by a random multiplier, varying by spin","","","",""
"1764651871-34","https://www.aristocratgaming.com/us/where-to-play","Ju Cai Jin Gui - Dragon","https://www.aristocratgaming.com/us/slots/games/ju-cai-jin-gui-dragon","Coins of all colors, bonuses of all kinds!","/_product-assets/games-assets/ju-cai-jin-gui-dragon/ju-cai-jin-gui-dragon_gt_logo.png","Ju Cai Jin Gui™ Dragon™ is the game that oozes joy in every colorful coin and symbol onscreen. Building on the legacy of the popular Fu Dai Lian Lian franchise, this game can be found on the new Baron Upright cabinet and has four metamorphics in play. Each of the coins trigger a different kind of free games, making each opportunity more exciting. And exclusive to this title is the popular Cash-on-Reels feature to best suit the kind of game players are looking for!","/_product-assets/games-assets/ju-cai-jin-gui-dragon/ju-cai-jin-gui-dragon_gt_in-cabinet-image-front.png","JACKPOT FEATURE","Metamorphically triggered by any red coin. Free games with landed coins providing credits or letters to spell out jackpot names. Collecting all letters for a jackpot awards that prize","STICKY WILDS","Metamorphically triggered by any purple coin. 8 free games with permanent sticky wilds. Landing more than one wild in the same space adds a multiplier","SYMBOL UPGRADES","Metamorphically triggered by any green coin. Free games with landed coins awarding credits or upgrading major reel symbols to the top symbol for the remainder of the free games bonus","DOUBLE WINDOW","Metamorphically triggered by any blue coin. Free games played on two reel matrices rather than 1","",""
"1764651876-35","https://www.aristocratgaming.com/us/where-to-play","Jackpot Carnival Power of 88","https://www.aristocratgaming.com/us/slots/games/jackpot-carnival-power-of-88","88 is the magic number","/_product-assets/games-assets/jackpot-carnival-power-of-88/jackpot-carnival-power88_gt_logo.png","Step right up onto excitement’s biggest stage and let the Power of 88™ lead you towards the carnival’s most desired prizes: ascending up the multiplier charts and free games with big stacks of reveal symbols.","/_product-assets/games-assets/jackpot-carnival-timber-wolf/jackpot-carnival-timber-wolf_gt_in-cabinet-image-front.png","CLOWN FEATURE","Drop bonus balls to win credits and multipliers","HAMMER FEATURE","Hammer credit prizes up the multiplier chart","JACKPOT CARNIVAL BONUS","Connect bonus symbols across from left to right","","","",""
"1764651881-36","https://www.aristocratgaming.com/us/where-to-play","Jackpot Carnival Buffalo","https://www.aristocratgaming.com/us/slots/games/jackpot-carnival-buffalo","Charge up your wins","/_product-assets/games-assets/jackpot-carnival-buffalo/jackpot-carnival-buffalo_gt_logo.png","At this carnival, the stampede’s only just begun taking Buffalo to a whole new level. Thunderous wins await as the Clown feature returns from the original, as well as free games with enough multipliers to make it a grand stamp!","/_product-assets/games-assets/jackpot-carnival-buffalo/jackpot-carnival-buffalo_gt_in-cabinet-image-front.png","CLOWN FEATURE","Drop bonus balls to win credits and multipliers","HAMMER FEATURE","Hammer credit prizes up the multiplier chart","JACKPOT CARNIVAL BONUS","Connect bonus symbols across from left to right","","","",""
"1764651885-37","https://www.aristocratgaming.com/us/where-to-play","Jackpot Carnival","https://www.aristocratgaming.com/us/slots/game-groups/jackpot-carnival","Jackpot Carnival","","","","","","","","","","","","",""
"1764651890-38","https://www.aristocratgaming.com/us/where-to-play","House of the Dragon","https://www.aristocratgaming.com/us/slots/games/house-of-the-dragon","Gain the dragons, unite the house","/_product-assets/games-assets/house-of-the-dragon/house-of-the-dragon_gt_logo.png","Soar into Westeros on dragon’s wing with clips, sound, and graphics from the blockbuster HBO series. You’ll gather dragon eggs that trigger individually, in multiples, or all at once to ignite fiery bonuses! Active eggs have the chance to reappear during the Hold & Spin bonus.","/_product-assets/games-assets/house-of-the-dragon/house-of-the-dragon3_gt_in-cabinet-image.png","GOLD EGG FEATURE","Golden eggs will trigger all 5 metamorphics simultaneously","BOOST PRIZE FEATURE","Randomly boosts collected credit prizes","AWARD ALL FEATURE","Combines all currently collected credit prizes onto one Cash-on-Reel position","MEGA PRIZE FEATURE","Will increase the credit prize a random number of times, including jackpot prize","DOUBLE ALL FEATURE","Multiplies all collected credit prizes by 2x"
"1764651895-39","https://www.aristocratgaming.com/us/where-to-play","High Stakes","https://www.aristocratgaming.com/us/slots/games/high-stakes","Go Vegas On It","/_product-assets/games-assets/high-stakes/high-stakes_gt_logo_202011_f.png","Shows, roulette wheels and poker chips abound in the Vegas-themed slot, High Stakes™, part of the Lightning Link™ / Lightning Cash™ family. Take a trip down the strip in this multi-denomination game with Cash-on-Reels, scalable bonus prizes and Hold & Spin action. Watch during Free Games as reels become a BIG reel. What happens in Vegas could land you a chance at the Grand Jackpot and progressive prizes in this fun Sin City game.","/_product-assets/games-assets/high-stakes/high-stakes_gt_in-cabinet-image-front_202011_f.png","HOLD & SPIN JACKPOT","Hold & Spin in base or Free Games","GRAND JACKPOT","Exciting top progressive prize","FREE GAMES","Free Games with big symbols","","","",""
"1764651899-40","https://www.aristocratgaming.com/us/where-to-play","Happy and Prosperous","https://www.aristocratgaming.com/us/slots/games/happy-and-prosperous","Rub the Belly of the Buddha","/_product-assets/games-assets/happy-and-prosperous/happy-and-prosperous_gt_logo_202010_f.png","Try your chance for luck with Happy and Prosperous™ a jolly game, part of the Dragon Link™ / Dragon Cash™ family. Make Buddha laugh as players play this Asian themed game with multi-denom choices, wide bet ranges, Free Games and exciting Hold & Spin action. Enjoy the chance to stack up the gold coins and jackpots in this entertaining game.","/_product-assets/games-assets/happy-and-prosperous/happy-and-prosperous_gt_in-cabinet-image-front_202010_f.png","Hold & Spin","Popular Hold & Spin bonus","Grand Jackpot","Exciting top progressive prize","Free Games","Free Games with royal symbols removed","","","",""
"1764651904-41","https://www.aristocratgaming.com/us/where-to-play","Golden Pyramid","https://www.aristocratgaming.com/us/slots/games/golden-pyramid","Stacks on stacks of bonuses","/_product-assets/games-assets/ufc-golden-pyramid/golden-pyramid_gt_logo.png","It's no mystery why Ultimate Fast Cash™ Golden Pyramid™ could become your favorite game: its eponymous Ultimate Fast Cash feature is a Hold & Spin that unlocks additional Cash-on-Reel values for players, it's got the Super Fast Cash coin symbol that can lead to larger credit prizes and the Super jackpot, and if that's not enough - you can trigger free games that reveal a common symbol, wild, or Cash-on-Reels!","/_product-assets/games-assets/ufc-golden-pyramid/golden-pyramid_gt_in-cabinet-image.png","ULTIMATE FASH CASH","Triggered metamorphically by Cash-on-Reel values, the Ultimate Fast Cash feature is a Hold & Spin feature with unlockable reel growth as players land additional Cash-on-Reel values","SUPER FAST CASH","When a Super Fast Cash coin lands in the unlocked Hold & Spin area, the player transitions to an additional Hold & Spin feature with larger credit prizes and an opportunity to win the Super jackpot prize","REVEAL SYMBOL FREE GAMES","Free Game feature with stacks of symbols that reveal a common symbol, wild, or Cash-on-Reels","","","",""
"1764651909-42","https://www.aristocratgaming.com/us/where-to-play","Golden Gong","https://www.aristocratgaming.com/us/slots/games/golden-gong","Summon the Golden Spirits","/_product-assets/games-assets/golden-gong/golden-gong_gt_logo.png","Will you find success striking the Golden Gong? Ring the gilded disk with Free Game rewards and really make some noise with Hold & Spin. You can seize the opportunity and pick up the mallet that others have put down for a chance at linked grand jackpots. Your fortune will ring through the ages.","/_product-assets/games-assets/golden-gong/golden-gong_gt_in-cabinet-image-front.png","HOLD & SPIN","Chance to win credit prizes and jackpots","FREE GAMES","Big symbols for wild reel replacements","GRAND JACKPOT","Exciting top progressive prize","","","",""
"1764651913-43","https://www.aristocratgaming.com/us/where-to-play","Golden Century","https://www.aristocratgaming.com/us/slots/games/golden-century","All That Glitters Is Gold","/_product-assets/games-assets/golden-century/golden-century_gt_logo_202010_f.png","Behold the gold in Golden Century™, part of the Dragon Link™ / Dragon Cash™ family. Featuring the famous Hold & Spin feature, scalable prize bonuses, and Cash-on-Reels, this Asian theme game is entertaining. Try you luck for the chance to win up to 250x your bet on a scatter. During the Golden Century free games, all special symbols will reveal the same symbol, including the chance for the jackpot.","/_product-assets/games-assets/golden-century/golden-century_gt_in-cabinet-image-front_202010_f.png","HOLD & SPIN","Popular Hold & Spin bonus","","","","","","","",""
"1764651918-44","https://www.aristocratgaming.com/us/where-to-play","Go Ghost","https://www.aristocratgaming.com/us/slots/games/go-ghost","Go Ghost™ with the Go Most!","/_product-assets/games-assets/ghost/ghost_gt_logo.png","Raise your spirits in Spooky Link™ Go Ghost™! The iconic features from Mo Mummy™ are combined with the new Go Ghost™ feature in this hauntingly happy adventure. Go Ghost™ randomly drops in and booooost credit values!","/_product-assets/games-assets/ghost/ghost_gt_in-cabinet-image.png","FREE GAMES & JACKPOT FEATURE","Brings back the Free Games & Jackpot features from original Mo Mummy. In Free Games, all Royal symbols are removed from reel strips so only the highest paying symbols remain. In the Jackpot Feature, players pick from 15 symbols until they match 3 jackpots or bonus prizes to win","GO GHOST FEATURE","In the Go Ghost Feature, the Ghost character can come and randomly “Boooooost” the credit values as they land","","","","","",""
"1764651922-45","https://www.aristocratgaming.com/us/where-to-play","Genghis Khan","https://www.aristocratgaming.com/us/slots/games/genghis-khan","Conquer Like a Mongol","/_product-assets/games-assets/genghis-khan/genghis-khan_gt_logo_202010_f.png","Take entertainment to the casino floor with the new Dragon Link game, Genghis Khan. As players expand the kingdom, players embark on a premium Hold & Spin experience. This exciting games offers seamless interaction with simple entertainment and chances for lots of Free Games. Grab your sword and let the game excitement begin.","/_product-assets/games-assets/genghis-khan/genghis-khan_gt_arc-single_in-cabinet-image-front_202010_f.png","HOLD & SPIN JACKPOT","Hold & Spin in base or Free Games","FREE GAMES","With wild multipliers and Hold & Spin potential","GRAND JACKPOT","Exciting top progressive prize","","","",""
"1764651927-46","https://www.aristocratgaming.com/us/where-to-play","General Tso","https://www.aristocratgaming.com/us/slots/games/general-tso","Charge forward to an entertaining time","/_product-assets/games-assets/general-tso/general-tso_gt_logo.png","Classic Hold & Spin with scaling Grand and Major Jackpots? Twin Spins Free Games for chances at great line wins? And a new Phoenix Free Feature? That's a check on all fronts when you play General Tso™! One of the esteemed titles in the all-new Phoenix Link™ and housed in the formidable Neptune Single cabinet, this game comes with stunning graphics to make every play a fiery experience.","/_product-assets/games-assets/general-tso/general-tso_gt_in-cabinet-image.png","HOLD & SPIN","A player favorite, classic Hold & Spin gameplay with scaling Grand and Major Jackpot","PHOENIX FREE FEATURE","All Phoenix symbols landed increment towards a counter with chances to trigger a free Hold & Spin","FREE GAMES","This game features Twin Spins for chances at great line wins and increased chances to win the Hold & Spin","","","",""
"1764651931-47","https://www.aristocratgaming.com/us/where-to-play","Fu Dai Lian Lian","https://www.aristocratgaming.com/us/slots/game-groups/fu-dai-lian-lian","Fu Dai Lian Lian","","","","","","","","","","","","",""
"1764651935-48","https://www.aristocratgaming.com/us/where-to-play","Fortune Harmony Spins","https://www.aristocratgaming.com/us/slots/game-groups/fortune-harmony-spins","For more enjoyment, just add Wheel","","","","","","","","","","","","",""
"1764651940-49","https://www.aristocratgaming.com/us/where-to-play","Dragon Link","https://www.aristocratgaming.com/us/slots/game-groups/dragon-link","Dragon Link","","","","","","","","","","","","",""
"1764651944-50","https://www.aristocratgaming.com/us/where-to-play","Dragon Emperor Fortunes","https://www.aristocratgaming.com/us/slots/games/dragon-emperor-fortunes","Let's Play Spin the Dragon","/_product-assets/games-assets/dragon-emperor/dragon-emperor_gt_logo.png","Feel the fiery heat in Dragon Emperor Fortunes. This game takes the Crazy Cash™ Hold & Spin bonus and adds a Repeat Pays Prize — combining triggered Crazy Cash values into a prize awarded each time a special symbol lands during the Crazy Cash feature. The more special symbols, the better!","/_product-assets/games-assets/dragon-emperor/dragon-emperor_gt_in-cabinet-image-front.png","CRAZY CASH","Hold & Spin bonus","CRAZY CASH XTRA","","REPEAT PAYS FEATURE","Awarded each time a special symbol lands during Crazy Cash feature","FREE GAMES","With unlimited retriggers","",""
"1764651949-51","https://www.aristocratgaming.com/us/where-to-play","Devil","https://www.aristocratgaming.com/us/slots/games/devil","Devilishly entertaining plays","/_product-assets/games-assets/devil/devil_gt_logo.png","Is it hot in here, or is it just Lucky Looters™ Devil™? This game has Pig symbols that reward you with exciting bonuses like: Loot Spins that can award you with free games when you land and lock at least 1 Pig symbol on Reel 1 or 5, while the base game can award you with Cash-on-Reel values landed on reels 2-4 when you land a Pig symbol on reels 1 and 5.","/_product-assets/games-assets/devil/devil_gt_in-cabinet-image.png","LOOT SPINS","Metamorphically triggered by landing at least 1 Pig symbol, the Loot Spins awards free games depending on which pot is triggered. The Pig symbol(s) locks in place for the duration of the free games and Cash-on-Reel values are awarded for each pig on reels 1 and 5","BASE GAME CASH-ON-REELS","Players are awarded Cash-on-Reel values for each Pig symbol that lands","","","","","",""
"1764651953-52","https://www.aristocratgaming.com/us/where-to-play","Crazy Chickens","https://www.aristocratgaming.com/us/slots/games/crazy-chickens","Go crazy for fun","/_product-assets/games-assets/crazy-chickens/crazy-chickens_gt_logo.png","In Crazy Chickens™, three fun chickens are the heart & soul of a fun game experience combining features players enjoy in one package. Each chicken may trigger a Hold & Spin with a unique effect, with multiple metamorphics at once keep things interesting. Help these little chickies come home to roost and have a thrilling time doing so.","/_product-assets/games-assets/crazy-chickens/crazy-chickens_gt_in-cabinet-image.png","INSTANT WIN","A green egg landing above the standard reel matrix awards all Cash-on-Reel prizes in that reel. Landing a win all symbol awards all Cash-on-Reel prizes in ALL reels","JACKPOTS","A red egg landing above the standard reel matrix may read Mini, Minor, Major, or Grand. Collecting enough of any jackpot symbol wins their corresponding jackpots","MULTIPLIERS","A “blurple” egg landing above the standard reel matrix multiplies all Cash-on-Reel prizes by the amount shown on the egg. All credit-on-reel prizes are awarded at the end of the feature","","","",""
"1764651958-53","https://www.aristocratgaming.com/us/where-to-play","Confucius Say","https://www.aristocratgaming.com/us/slots/games/confucius-say","Phoenix meets philosopher","/_product-assets/games-assets/confucius-say/confucius-say_gt_logo.png","As one of the premiere titles in the new Phoenix Link™ game group, Confucius Say™ is destined to be a favorite. It boasts artwork inspired by ancient China and includes a plethora of incredible game features. Players will recognize Hold & Spin gameplay with scaling Grand and Major Jackpots, Twin Spins Free Games for chances at great line wins and increased chances to trigger the Hold & Spin, and the new Phoenix Free Feature that rewards a free Hold & Spin from a mystery hit-by meter triggered by collected Phoenix symbols. Confucius Say play now!","/_product-assets/games-assets/confucius-say/confucius-say_gt_in-cabinet-image.png","HOLD & SPIN","A player favorite, classic Hold & Spin gameplay with scaling Grand and Major Jackpot","PHOENIX FREE FEATURE","All Phoenix symbols landed increment towards a counter with chances to trigger a free Hold & Spin","FREE GAMES","This game features Twin Spins for chances at great line wins and increased chances to win the Hold & Spin","","","",""
"1764651962-54","https://www.aristocratgaming.com/us/where-to-play","Coin Trio","https://www.aristocratgaming.com/us/slots/game-groups/coin-trio","Coin Trio™","","","","","","","","","","","","",""
"1764651967-55","https://www.aristocratgaming.com/us/where-to-play","Chief Inferno","https://www.aristocratgaming.com/us/slots/games/chief-inferno","A firestorm of Chief bonuses!","/_product-assets/games-assets/chief-inferno/chief-inferno_gt_logo.png","Hot on the heels of Chief Platinum™ comes Chief Inferno™, the slot machine aflame with bonuses galore! The player-favorite Chief stacks are back and with even more firepower - like sunset wild stacks that pair with Chief stacks for bigger multipliers, and Inferno symbols that boost the Bonus Meter onscreen. You can also enjoy up to 4 kinds of upgrades to the Free Games bonus for your chance at massive rewards - ranging from additional free games to upgraded jackpot prizes!","/us/slots/games/easset_upload_file49291_74770_e.png","BONUS METER","Land Inferno symbols to fuel the Bonus Meter and unleash your chance at colossal rewards.","FREE GAMES FEATURE","Every Free Game you collect gives you the chance to upgrade your rewards in one of four ways: more Free Games, more Chief symbols, more wilds, or larger jackpot prizes!","","","","","",""
"1764651972-56","https://www.aristocratgaming.com/us/where-to-play","Cashman Kingdom","https://www.aristocratgaming.com/us/slots/games/cashman-kingdom","ENTER THE KINGDOM OF CASH","/_product-assets/games-assets/cashman-kingdom/cashman-kingdom_gt_logo.png","Cashman is back with some new friends to give this Aristocrat classic a fresh look and feel. Meet seven all-new characters that bring unique mechanics to the game’s Hold & Spin feature, which you can buy into during your game! Land the Epic King or Queen of Cashman Kingdom to receive enhancements on free spins to help maximize your bonuses.","/_product-assets/games-assets/cashman-kingdom/cashman-kingdom_gt_in-cabinet-image-front.png","Cashman Hold & Spin Feature","Seven new Cashman characters that each have a unique functionality during the Hold & Spin feature. Innovative treasure chest symbol with 10-spin countdown to win jackpot awards","Free Games Feature","A stack of 3 wilds is added to reels 2-5 every free game to greatly increase the chance of a big wild win","Instant Feature","At any point, players can buy into the Cashman Hold & Spin bonus","","","",""
"1764651976-57","https://www.aristocratgaming.com/us/where-to-play","Cashman Bingo","https://www.aristocratgaming.com/us/slots/game-groups/cashman-bingo","Cashman Bingo","","","","","","","","","","","","",""
"1764651981-58","https://www.aristocratgaming.com/us/where-to-play","Cash Express Legend Choy Sun Doa","https://www.aristocratgaming.com/us/slots/games/cash-express-legend-choy-sun-doa","Experience Choy Sun Doa™","/_product-assets/games-assets/cash-express-legend-choy-sun-doa/cash-express-legend-choy-sun-doa_gt_logo.png","Cash Express meets Choy Sun Doa™ for your chance at new features, a new meter, and fun ways to win!","/_product-assets/game-groups-assets/groups/cash-express-legend/cash-express-legend_gg_in-cabinet-image2.png","GATEWAY PICK FEATURE","This feature gives you the choice of Free Games, or entering a new Cash Express Legend Feature!","CASH EXPRESS LEGEND FEATURE","This will award you with one or more colored trains with classic Cash Express gameplay and chances at a new Hold & Spin feature-in-feature","CASH EXPRESS LEGEND BONUS METER","When the bonus meter is activated, one or multiple trains will be awarded! This could randomly award the Cash Express Legend Bonus by landing at least one Cash-on-Reel symbol","","","",""
"1764651985-59","https://www.aristocratgaming.com/us/where-to-play","Cash Express Legend Buffalo","https://www.aristocratgaming.com/us/slots/games/cash-express-legend-buffalo","Discover Cash Express Legend™ Buffalo™","/_product-assets/games-assets/cash-express-legend-buffalo/cash-express-dragon-buffalo_gt_logo.png","In this new Cash Express experience, get your chance at a Gateway Pick Feature which lets your choose between Buffalo Free Games or a new Cash Express Legend Feature!","/_product-assets/game-groups-assets/groups/cash-express-legend/cash-express-legend_gg_in-cabinet-image2.png","GATEWAY PICK FEATURE","This feature gives you the choice of Free Games, or entering a new Cash Express Legend Feature!","CASH EXPRESS LEGEND FEATURE","This will award you with one or more colored trains with classic Cash Express gameplay and chances at a new Hold & Spin feature-in-feature","CASH EXPRESS LEGEND BONUS METER","When the bonus meter is activated, one or multiple trains will be awarded! This could randomly award the Cash Express Legend Bonus by landing at least one Cash-on-Reel symbol","","","",""
"1764651990-60","https://www.aristocratgaming.com/us/where-to-play","Cash Express Legend","https://www.aristocratgaming.com/us/slots/game-groups/cash-express-legend","Cash Express Legend™","","","","","","","","","","","","",""
"1764651995-61","https://www.aristocratgaming.com/us/where-to-play","Buffalo Triple Power","https://www.aristocratgaming.com/us/slots/games/buffalo-triple-power","Three great ways to get free games","/_product-assets/games-assets/buffalo-triple-power/buffalo-triple-power_gt_logo.png","Buffalo Triple Power™ is a first-of-its-kind game that blends the latest state-of-the-art mechanics with the beloved Buffalo brand. All 3 Free Games bonuses elegantly complement each other, anchored with the popular Buffalo Gold™ bonus, the new Buffalo Rising™ bonus adds more reel positions and Buffalo Bucks™ bonus provides a unique Jackpot chase for maximum excitement.","/_product-assets/games-assets/buffalo-triple-power/buffalo-triple-power_gt_in-cabinet-image-front.png","Free Games","3 unique Free Games features with triple metamorphic trigger in addition to the classic scatter symbol trigger, for the ultimate experience.","Combine Up To 3 Features","Buffalo Rising™ - Matrix expands to 4-5-6-5-4 during feature. Buffalo Gold™ - Collect Gold Buffalo during feature to convert other symbols to Buffalo. Buffalo Bucks™ - Collect cash bags during feature; Green cash bags award credits; Gold cash bags award Credits/Jackpots.","Multipliers","Wild multipliers are available in features","","","",""
"1764651999-62","https://www.aristocratgaming.com/us/where-to-play","Buffalo Gold Wheels of Reward","https://www.aristocratgaming.com/us/slots/games/buffalo-gold-wheels-of-reward","More wheels mean more fun","/_product-assets/games-assets/buffalo-gold-wheels-of-reward/buffalo-gold-wheels-of-reward_gt_logo.png","Buffalo Gold Wheels of Reward introduces players to something exciting and new. Three wheels make sure no bonus is the same while offering the Classic Gold Collection experience with bigger multipliers, more chances to collect and better opportunities to connect on big winning spins. reward yourself with some golden playtime.","/_product-assets/games-assets/buffalo-gold-wheels-of-reward/buffalo-gold-wheels-of-reward_gt_in-cabinet-image-front.png","FREE GAMES","Classic Gold Collection Feature, collecting golden buffalo heads transforms other major symbols into buffalo, players may retrigger for additional free games by landing 2 or more golden coins. While in Free Games players may also trigger any combination of Wheel Features","MORE WAYS WHEEL","During free games, any landed “More Ways” Coin spins the More Ways Wheel – prizes on the wheel may grow the reels higher","FREE GAMES WHEEL","During free games, landing 2 or more “Free Games” Coins spins the free games wheel. The wheel has 4 layers, landing more than two coins earns players wheel spins closer to the outmost layer, where awarded prizes increase","MULTIPLIER WHEEL","During free games, landing any “Sunset Coin” spins the multiplier wheel. The spot in which the Sunset Coin was landed will be replaced by a WILD with a multiplier equal to the one landed on during the Multiplier Wheel Spin","",""
"1764652003-63","https://www.aristocratgaming.com/us/where-to-play","Buffalo Gold Revolution","https://www.aristocratgaming.com/us/slots/games/buffalo-gold-revolution","Where the Buffalos are Pure Gold","/_product-assets/games-assets/buffalo-gold-revolution/buffalo-gold-revolution_gt_logo.png","An exciting new twist on a classic, Buffalo Gold™ stampedes onto the casino floor. This game is a player favorite. With the chance for of big wins in the base game and a Wheel Bonus that awards jackpots, credit prizes, Gold Buffalo or free games. It's a high energy journey through the desert plains. There's a slew of wild multipliers, plus Free Games when the Gold Buffalo come out to play.","/_product-assets/games-assets/buffalo-gold-revolution/buffalo-gold-revolution_gt_in-cabinet-image-front.png","FREE GAMES","8, 15 or 20 Free Games awarded with Gold Buffalo being the main entertainment! As more Buffalo Gold are collected, picture symbols will become buffalo for the remainder of the Free Games. Free Games always commence with Wheel Feature","WHEEL FEATURE","Wheel bonus awards jackpots, credit prizes, Gold Buffalo or Free Games. Once the Free Games award has been achieved the wheel feature is completed","WILD MULTIPLIERS","All wilds appear with a multiplier, multiplying all wins for that spin","","","",""
"1764652008-64","https://www.aristocratgaming.com/us/where-to-play","Buffalo Gamble","https://www.aristocratgaming.com/us/slots/games/buffalo-gamble","Buffalo Take All","/_product-assets/games-assets/buffalo-gamble/buffalo-gamble_gt_logo.png","This game takes the beloved Buffalo and adds an exciting new feature that really amps up the play. Push the Red or Black “Gamble” button and get a chance to double or even quadruple all of your wins. With new denom options, Multiplier Wilds and classic Buffalo Free Games, the stampede is on for good times and big prizes.","/_product-assets/games-assets/buffalo-gamble/buffalo-gamble_gt_in-cabinet-image-front.png","GAMBLE WIN","Option to pick between Black/Red or Suits to multiply your wins","FREE GAMES","Classic Buffalo Free Games","MULTIPLIER WILDS","Wilds turn into multiplier Wilds during Free Games","","","",""
"1764652012-65","https://www.aristocratgaming.com/us/where-to-play","Buffalo Chief","https://www.aristocratgaming.com/us/slots/games/buffalo-chief","There's a New Buffalo In Town","/_product-assets/games-assets/buffalo-chief/buffalo-chief_gt_logo.png","Buffalo Chief™ is an amazing gaming experience with even bigger stacks and more ways to win – 3,456 in the base game alone. The Supercoin feature leads to 250 buffalo symbols during Free Games, and a mystery Gigantic Stampede feature with 16,000 ways to win with a guaranteed 5-of-a-kind Buffalo. The stampede is on is this premium slot experience that promises to be a wild ride.","/_product-assets/games-assets/buffalo-chief/buffalo-chief_gt_in-cabinet-image-front.png","SUPERCOIN COLLECTION","Triggers a wheel that will add up to 250 additional Buffalo to the reel-strips","FREE GAMES","Upgraded Buffalo Free Games awarding 8, 15, 20 games with re-triggers","BUFFALO CHIEF STAMPEDE","Expanding reels increasing to 16,000 ways to win Buffalo","","","",""
"1764652017-66","https://www.aristocratgaming.com/us/where-to-play","Buffalo Ascension","https://www.aristocratgaming.com/us/slots/games/buffalo-ascension","RISE, BUFFALO!","/_product-assets/games-assets/buffalo-ascension/buffalo-ascension_gt_logo.png","Buffalo Ascension™ builds on one of Aristocrat’s most iconic brands to deliver tons of new features and ways to win. Persistent reel growth offers an incredible 5,488 ways to win the base game! Collect gold arrows to win the progressive jackpot and enjoy upgraded free games where your rewards can multiply to huge amounts! Be on the lookout for stampedes and super stampedes that will add buffalo to your reels for the remainder of the spin.","/_product-assets/games-assets/buffalo-ascension/buffalo-ascension_gt_in-cabinet-image-front.png","Progressive Jackpot","Land a gold arrow on reel 3 to win the progressive jackpot","Enhanced Free Games","Awards traditional Buffalo Free Games with multipliers, and the reel that triggered the feature will stay 7 positions high until the end of the feature","Stampede Feature","Buffalos run down reels and change at least one symbol to Buffalo for that spin","Super Stampede Feature","Buffalos run down reels and change at least three symbols to Buffalo for that spin","",""
"1764652021-67","https://www.aristocratgaming.com/us/where-to-play","Buffalo and Friends","https://www.aristocratgaming.com/us/slots/games/buffalo-and-friends","The herd just got more diverse","/_product-assets/games-assets/buffalo-and-friends/buffalo-and-friends_gt_logo.png","Buffalo & Friends™ combines the features of three other popular game titles to bring a whole new experience to life. Join More Chili, Wicked Winnings & Mr. Cashman as they run with the stampede to excitement, adventure and even more ways to win Free Games.","/_product-assets/games-assets/buffalo-and-friends/buffalo-and-friends_gt_in-cabinet-image-front.png","CASHMAN FEATURE","The free games play like traditional Buffalo Free Games, however, randomly at the start or finish of any spin, Mr. Cashman may award, respins, additional free games, credits or jackpots, or additional Buffalo symbols","MORE CHILI FEATURE","The free games play like traditional Buffalo Free Games, however, the players now start with 2 reel sets and can unlock up to 4 reel sets by collecting Chili symbols, and More Chili","WICKED WINNINGS FEATURE","The free games play like traditional Buffalo Free Games, however, there is a special Wicked Winnings Wild symbol. If this symbol lands, the Wild will expand and the player will be awarded 1 respin, just like Wicked Winnings","","","",""
"1764652026-68","https://www.aristocratgaming.com/us/where-to-play","Boost Tiger","https://www.aristocratgaming.com/us/slots/games/boost-tiger","The Tiger Gets a Boost Like Never Before","/_product-assets/games-assets/boost-tiger/boost-tiger_gt_logo.png","Play with the big cats on Fu Dai Lian Lian: Boost Tiger. This action-packed game features gold coins, and filling three separate bags brimming with jackpots. Grow the reels high with the Prosperity Boost. Collect letters and gold coins in the Jackpot Boost, and get plenty of Free Games and multipliers in the Longevity Boost. It's the powerful tiger taken to the next level of entertainment.","/_product-assets/games-assets/boost-tiger/boost-tiger_gt_in-cabinet-image-front.png","PROSPERITY BOOST","Free Games with mystery wilds","LONGEVITY BOOST","Free Games with multipliers. Coins award additional free games or credit prizes","JACKPOT FEATURE","Collect Letters in the jackpot name to win that jackpot. Each Gold Coin may become a double Gold Coin for two prize wins","","","",""
"1764652030-69","https://www.aristocratgaming.com/us/where-to-play","Boost Peacock","https://www.aristocratgaming.com/us/slots/games/boost-peacock","1 Peacock and 3 Bags of Gold","/_product-assets/games-assets/boost-peacock/boost-peacock_gt_logo.png","Strut your tail feathers with Fu Dai Lian Lian: Boost Peacock. Grow your reels high with the Prosperity Boost. Get a chance for Free Games and credit prizes with the Longevity Boost and collect letters to win big in the Jackpot Boost. If you enjoy all the action of mystery bonuses, you'll find them in our pots of gold feature, all served up in colorful animation. It's all about the strut in this beautifully designed gaming experience from Aristocrat Gaming.","/_product-assets/games-assets/boost-tiger/boost-tiger_gt_in-cabinet-image-front.png","PROSPERITY BOOST","Free Games with mystery wilds","LONGEVITY BOOST","Free Games with multipliers. Coins award additional free games or credit prizes","JACKPOT FEATURE","Collect Letters in the jackpot name to win that jackpot. Each Gold Coin may become a double Gold Coin for two prize wins","","","",""
"1764652034-70","https://www.aristocratgaming.com/us/where-to-play","Bonus Boost Red Festival","https://www.aristocratgaming.com/us/slots/games/bonus-boost-red-festival","Paint the Night Red","/_product-assets/games-assets/bonus-boost-red-festival/red-festival_gt_logo.png","Bonus Boost Red Festival sets the night on fire with Hold & Spin action, randomly boosted prizes, Extra Spins and a multi-feature trigger. There's a chance to win 2, count 'em two, grand jackpots. And there's Firecracker stacks for players who enjoy the action of mystery bonuses. All wrapped up in a beautifully designed, Asian inspired, must play from Aristocrat.","/_product-assets/games-assets/bonus-boost-red-festival/red-festival_gt_in-cabinet-image-front.png","DOUBLE UP","Based on Mighty Cash Double Up™, 30 positions to be filled instead of 15","EXTRA SPINS","Resets at 4 spins instead of 3","ULTRA","Randomly boosted prizes","MULTI-FEATURE TRIGGER","Ability to combine 2 or all Hold & Spin features in a single bonus","",""
"1764652039-71","https://www.aristocratgaming.com/us/where-to-play","Bonus Boost Blue Festival","https://www.aristocratgaming.com/us/slots/games/bonus-boost-blue-festival","All That Glitters is Blue","/_product-assets/games-assets/bonus-boost-blue-festival/blue-festival_gt_logo.png","Bonus Boost Blue Festival brings all the mechanics from classic titles like Fu Dai Lian Lian and Mighty Cash Ultra to create a whole new level of gameplay. With 3 Hold & Spin bonuses, and the chance to win two grand progresivess, there is firecraker action and lots of surprises around every spin.","/_product-assets/games-assets/bonus-boost-blue-festival/blue-festival_gt_in-cabinet-image-front.png","DOUBLE UP","Based on Mighty Cash Double Up™, 30 positions to be filled instead of 15","EXTRA SPINS","Resets at 4 spins instead of 3","ULTRA","Randomly boosted prizes","MULTI-FEATURE TRIGGER","Ability to combine 2 or all Hold & Spin features in a single bonus","",""
"1764652044-72","https://www.aristocratgaming.com/us/where-to-play","Blue Prosperity","https://www.aristocratgaming.com/us/slots/games/blue-prosperity","Spark fun with every spin","/_product-assets/games-assets/blue-prosperity/blue-prosperity_gt_logo.png","Bao Zhu Zhao Fu Ignite™ Blue Prosperity™ is a party housed in the innovative Baron cabinet. It has the classic details players know and improves on them: The Triple Metamorphic mechanic now blends four features into one complete package, resulting in 15 different bonus combinations from Ultra, Zone, Double, or Extra Spins features. And a first for this title is the ability for players to unlock additional features during their bonuses, meaning any firecracker can lead to four features!","/_product-assets/games-assets/blue-prosperity/blue-prosperity_gt_in-cabinet-image.png","CLASSIC BAO ZHU FEATURES","Hold & Spin features from Bao Zhu Zhao Fu Red, Blue, Purple, & Jade all return in one package. Players may metamorphically trigger Ultra, Zone, Double, or Extra Spins features","UNLOCKING FEATURES","Metamorphic triggers are still active during bonuses. Players may trigger with one bonus feature but unlock additional features during their initial bonus","","","","","",""
"1764652048-73","https://www.aristocratgaming.com/us/where-to-play","Bigger Fu Cash Bats","https://www.aristocratgaming.com/us/slots/game-groups/bigger-fu-cash-bats","Bigger Fu Cash Bats™","","","","","","","","","","","","",""
"1764652053-74","https://www.aristocratgaming.com/us/where-to-play","Best Bet","https://www.aristocratgaming.com/us/slots/games/best-bet","The Ponies Are Hot Tonight","/_product-assets/games-assets/best-bet/best-bet_gt_logo.png","It's a run for the roses in Best Bet™, part of the Lightning Link™ / Lightning Cash™ family. Go for the gold cup with a Hold & Spin jackpot feature that offers the opportunity to win multiple jackpots, bonuses and credit prizes. Make the horse neigh as you race for Free Games with royals removed and exciting top progressive prizes in this entertaining pony classic.","/_product-assets/games-assets/best-bet/best-bet_gt_in-cabinet-image-front.png","HOLD & SPIN","Hold & Spin in base or Free Games","GRAND JACKPOT","Exciting top progressive prizes","FREE GAMES","Free Games with royals removed","","","",""
"1764652058-75","https://www.aristocratgaming.com/us/where-to-play","Bao Zhu Zhao Fu Ignite","https://www.aristocratgaming.com/us/slots/game-groups/bao-zhu-zhao-fu-ignite","Bao Zhu Zhao Fu Ignite","","","","","","","","","","","","",""
"1764652062-76","https://www.aristocratgaming.com/us/where-to-play","Bao Zhu Zhao Fu","https://www.aristocratgaming.com/us/slots/game-groups/bao-zhu-zhao-fu","Bao Zhu Zhao Fu","","","","","","","","","","","","",""
"1764652067-77","https://www.aristocratgaming.com/us/where-to-play","Bank Buster","https://www.aristocratgaming.com/us/slots/games/bank-buster","Get excited for the jackpots","/_product-assets/games-assets/bank-buster/bank-buster_gt_logo.png","Get ready to break the bank with Bank Buster™. Combining thrilling play with repeat wins for the ultimate jackpot chase, you can select between base games Buffalo, Pompeii, or Louie’s Gold. Piggy Coins award Cash-on-Reel prizes, free games, and progressive jackpots you can buy directly into the bonus features. This is fun you can take to the bank.","/_product-assets/games-assets/bank-buster/bank-buster_gt_in-cabinet-image-front.png","THREE CLASSIC TITLES","Player selectable multi-game with three classic titles","EXCITING PIGGY COINS","Trigger free games with Expand, Jackpot, and Repeat Win features","REPEAT WIN","First triple metamorphic with repeat wins","","","",""
"1764652071-78","https://www.aristocratgaming.com/us/where-to-play","Autumn Moon","https://www.aristocratgaming.com/us/slots/games/autumn-moon","Game Under a Full Moon","/_product-assets/games-assets/autumn-moon/autumn-moon_gt_logo_202011_f-(1).png","Open the golden doors to Asia with Autumn Moon™, part of the Dragon Link™ / Dragon Cash™ family. This brilliant, colorful game features the famous Hold & Spin feature, scalable bonus prizes, Cash-on-Reels and the ability to win up to 250x your bet on a scatter. During the Autumn Moon Free Games, all special symbols will reveal the same symbol, including the chance for the big jackpot. Enjoy the entertainment as you play this true fan favorite.","/_product-assets/games-assets/autumn-moon/autumn-moon_in-cabinet-image-front.png","HOLD & SPIN JACKPOT","Lightning Link™ inspiration that uses a common orb trigger symbol across all game themes for uniformity","GRAND JACKPOT","Exciting top progressive prize","FREE GAMES","Free Games with mystery symbols","","","",""
"1764652075-79","https://www.aristocratgaming.com/us/where-to-play","Aristocrat Classics","https://www.aristocratgaming.com/us/slots/games/aristocrat-classics","Legacy content in one multi-game pack","/_product-assets/games-assets/aristocrat-classics/aristocrat-classics_gt_logo.png","Aristocrat Classics is a highly flexible pack that lets operators enable updated denoms and configurations to legacy games. Whatever your casino player base is, you can mix and match from a variety of content for an optimized game profile filled with all their favorite legacy content.","/_product-assets/games-assets/aristocrat-classics/aristocrat-classics_gt_in-cabinet-image.png","PACK 1 CONTAINS:","Buffalo, Buffalo Gold, Sun & Moon, Queen of the Nile, Sky Rider Golden Amulet, Pompeii","ADDITIONAL GAMES","Dancing Foo, Mighty Cash Long Teng Hu Xiao, Extra Bonus Wilds","","","","","",""
"1764652080-80","https://www.aristocratgaming.com/us/where-to-play","5 Dragons Rapid","https://www.aristocratgaming.com/us/slots/games/5-dragons-rapid","Roaring, soaring rewards","/_product-assets/games-assets/5-dragons-rapid/5-dragons-rapid_gt_logo.png","Take to the skies and collect rewards in this fast-hitting game that drives excitement and rewards through an abundance of features. 5 Dragons™ Rapid offers 7 game features with varying volatility, triggered by collecting three or more coins across your reels. The new Chest Reels give you more ways to activate a feature by collecting Special Coin symbols. The lucrative Jackpot feature can be triggered to convert matching symbols into bonus awards!","/_product-assets/games-assets/5-dragons-rapid/5-dragons-grand-helixxt_gt_in-cabinet-image-front.png","FREE GAMES","Triggered by three or more coin symbols from left to right. There are 7 feature choices with different volatilities including mystery feature","CHEST REELS","Feature can be awarded with the Special Coin symbol which appears on reels 2, 3 and 4 (called Chest reels). Whenever the Special Coin symbol appears, there is a chance that one or two features may be awarded per symbol","JACKPOT","The Jackpot feature can be won randomly during any bought game during the a pick’em bonus. Once the Jackpot Feature is triggered, 12 Coins will appear. When three matching symbols have been revealed, the corresponding Jackpot or bonus will be awarded","","","",""
